Ano,Mês,Evolução Mensal (AnoMês),Países Acordantes,Qtd Créd. Emit AcInt,Vlr Créd. Emit AcInt
1999,Janeiro,199901,Espanha,0,"0,00"
1999,Janeiro,199901,Grécia,0,"0,00"
1999,Janeiro,199901,Portugal,8536,"3200870,27"
1999,Fevereiro,199902,Espanha,0,"0,00"
1999,Fevereiro,199902,Grécia,0,"0,00"
1999,Fevereiro,199902,Portugal,8539,"3135338,12"
1999,Março,199903,Espanha,3056,"3003571,39"
1999,Março,199903,Grécia,128,"175571,28"
1999,Março,199903,Portugal,8534,"3119929,84"
1999,Abril,199904,Espanha,0,"0,00"
1999,Abril,199904,Grécia,0,"0,00"
1999,Abril,199904,Portugal,8524,"3139515,31"
1999,Maio,199905,Espanha,0,"0,00"
1999,Maio,199905,Grécia,0,"0,00"
1999,Maio,199905,Portugal,8517,"3042904,87"
1999,Junho,199906,Espanha,3025,"2580259,60"
1999,Junho,199906,Grécia,131,"132762,04"
1999,Junho,199906,Portugal,8538,"3197384,83"
1999,Julho,199907,Espanha,2968,"934645,79"
1999,Julho,199907,Grécia,0,"0,00"
1999,Julho,199907,Portugal,8543,"3215646,22"
1999,Agosto,199908,Espanha,2985,"872328,22"
1999,Agosto,199908,Grécia,0,"0,00"
1999,Agosto,199908,Portugal,8556,"3211587,15"
1999,Setembro,199909,Espanha,3006,"930722,19"
1999,Setembro,199909,Grécia,133,"150996,13"
1999,Setembro,199909,Portugal,8593,"3246558,85"
1999,Outubro,199910,Espanha,3041,"955961,53"
1999,Outubro,199910,Grécia,0,"0,00"
1999,Outubro,199910,Portugal,8595,"3248863,72"
1999,Novembro,199911,Espanha,3047,"1769031,69"
1999,Novembro,199911,Grécia,0,"0,00"
1999,Novembro,199911,Portugal,8567,"6356092,84"
1999,Dezembro,199912,Espanha,3054,"886758,25"
1999,Dezembro,199912,Grécia,134,"202473,09"
1999,Dezembro,199912,Portugal,8572,"3149380,57"
2000,Janeiro,200001,Espanha,3074,"923604,09"
2000,Janeiro,200001,Grécia,0,"0,00"
2000,Janeiro,200001,Portugal,8579,"3227065,71"
2000,Fevereiro,200002,Espanha,2991,"865414,14"
2000,Fevereiro,200002,Grécia,0,"0,00"
2000,Fevereiro,200002,Portugal,8572,"3134046,75"
2000,Março,200003,Espanha,3128,"918734,38"
2000,Março,200003,Grécia,130,"141856,36"
2000,Março,200003,Portugal,8538,"3142737,67"
2000,Abril,200004,Espanha,3176,"968057,07"
2000,Abril,200004,Grécia,0,"0,00"
2000,Abril,200004,Portugal,8555,"3236622,56"
2000,Maio,200005,Espanha,3188,"952186,32"
2000,Maio,200005,Grécia,0,"0,00"
2000,Maio,200005,Portugal,8517,"3241368,25"
2000,Junho,200006,Espanha,3206,"1004465,55"
2000,Junho,200006,Grécia,128,"143002,84"
2000,Junho,200006,Portugal,8578,"3413852,74"
2000,Julho,200007,Espanha,3213,"978271,24"
2000,Julho,200007,Grécia,0,"0,00"
2000,Julho,200007,Portugal,8521,"3322658,71"
2000,Agosto,200008,Espanha,3227,"1006236,26"
2000,Agosto,200008,Grécia,0,"0,00"
2000,Agosto,200008,Portugal,8482,"3250581,46"
2000,Setembro,200009,Espanha,3227,"1097088,34"
2000,Setembro,200009,Grécia,129,"151949,22"
2000,Setembro,200009,Portugal,8489,"3305578,97"
2000,Outubro,200010,Espanha,3266,"1142090,99"
2000,Outubro,200010,Grécia,0,"0,00"
2000,Outubro,200010,Portugal,8488,"3641853,24"
2000,Novembro,200011,Espanha,3279,"2022092,19"
2000,Novembro,200011,Grécia,0,"0,00"
2000,Novembro,200011,Portugal,8509,"6659579,26"
2000,Dezembro,200012,Espanha,3296,"1084169,18"
2000,Dezembro,200012,Grécia,126,"197933,34"
2000,Dezembro,200012,Portugal,8516,"3398663,61"
2001,Janeiro,200101,Espanha,3293,"1052492,00"
2001,Janeiro,200101,Grécia,126,"49117,00"
2001,Janeiro,200101,Portugal,8535,"3345812,00"
2001,Fevereiro,200102,Espanha,3313,"1073590,00"
2001,Fevereiro,200102,Grécia,127,"49564,00"
2001,Fevereiro,200102,Portugal,8558,"3401140,00"
2001,Março,200103,Espanha,3330,"1059740,00"
2001,Março,200103,Grécia,128,"50258,00"
2001,Março,200103,Portugal,8494,"3400752,00"
2001,Abril,200104,Espanha,3332,"1091069,00"
2001,Abril,200104,Grécia,128,"51510,00"
2001,Abril,200104,Portugal,8473,"3436758,00"
2001,Maio,200105,Espanha,3335,"1096790,00"
2001,Maio,200105,Grécia,128,"51510,00"
2001,Maio,200105,Portugal,8469,"3439088,00"
2001,Junho,200106,Espanha,3374,"1174477,00"
2001,Junho,200106,Grécia,127,"54421,00"
2001,Junho,200106,Portugal,8451,"3627549,00"
2001,Julho,200107,Espanha,3632,"1184561,00"
2001,Julho,200107,Grécia,127,"54367,00"
2001,Julho,200107,Portugal,8970,"3634072,00"
2001,Agosto,200108,Espanha,3362,"1168900,00"
2001,Agosto,200108,Grécia,129,"54727,00"
2001,Agosto,200108,Portugal,8382,"3611499,00"
2001,Setembro,200109,Espanha,3367,"1177396,00"
2001,Setembro,200109,Grécia,129,"54727,00"
2001,Setembro,200109,Portugal,8382,"3660321,00"
2001,Outubro,200110,Espanha,3373,"1190570,00"
2001,Outubro,200110,Grécia,130,"55177,00"
2001,Outubro,200110,Portugal,8407,"3746664,00"
2001,Novembro,200111,Espanha,3370,"2337133,00"
2001,Novembro,200111,Grécia,131,"110469,00"
2001,Novembro,200111,Portugal,8393,"7218933,00"
2001,Dezembro,200112,Espanha,3378,"1199511,00"
2001,Dezembro,200112,Grécia,128,"54547,00"
2001,Dezembro,200112,Portugal,8342,"3613728,00"
2002,Janeiro,200201,Espanha,3379,"1187718,65"
2002,Janeiro,200201,Grécia,127,"53923,02"
2002,Janeiro,200201,Portugal,8348,"3631461,34"
2002,Fevereiro,200202,Espanha,3391,"1248747,14"
2002,Fevereiro,200202,Grécia,127,"53994,12"
2002,Fevereiro,200202,Portugal,8344,"3682072,00"
2002,Março,200203,Espanha,3411,"1205469,05"
2002,Março,200203,Grécia,127,"53946,72"
2002,Março,200203,Portugal,8334,"3655355,00"
2002,Abril,200204,Espanha,3441,"1269326,10"
2002,Abril,200204,Grécia,128,"55052,82"
2002,Abril,200204,Portugal,8257,"3683999,29"
2002,Maio,200205,Espanha,3441,"1254261,74"
2002,Maio,200205,Grécia,130,"56012,47"
2002,Maio,200205,Portugal,8295,"3734482,13"
2002,Junho,200206,Espanha,3452,"1379984,74"
2002,Junho,200206,Grécia,130,"60294,50"
2002,Junho,200206,Portugal,8279,"3994445,00"
2002,Julho,200207,Espanha,3451,"1344456,64"
2002,Julho,200207,Grécia,130,"61365,24"
2002,Julho,200207,Portugal,8254,"3987707,45"
2002,Agosto,200208,Espanha,3456,"1336905,00"
2002,Agosto,200208,Grécia,129,"59452,18"
2002,Agosto,200208,Portugal,8259,"3994095,00"
2002,Setembro,200209,Espanha,3459,"1358802,00"
2002,Setembro,200209,Grécia,129,"59452,18"
2002,Setembro,200209,Portugal,8266,"3997142,36"
2002,Outubro,200210,Espanha,3498,"1395777,69"
2002,Outubro,200210,Grécia,128,"59715,91"
2002,Outubro,200210,Portugal,8273,"4031832,00"
2002,Novembro,200211,Espanha,3501,"2755853,54"
2002,Novembro,200211,Grécia,130,"120198,61"
2002,Novembro,200211,Portugal,8307,"8080571,00"
2002,Dezembro,200212,Espanha,3512,"1427973,86"
2002,Dezembro,200212,Grécia,130,"59423,53"
2002,Dezembro,200212,Portugal,8325,"4129757,81"
2003,Janeiro,200301,Espanha,3517,"1399150,44"
2003,Janeiro,200301,Grécia,129,"59178,11"
2003,Janeiro,200301,Portugal,8304,"3991881,38"
2003,Fevereiro,200302,Espanha,3522,"1382366,11"
2003,Fevereiro,200302,Grécia,130,"60161,76"
2003,Fevereiro,200302,Portugal,8328,"4069863,68"
2003,Março,200303,Espanha,3530,"1382944,48"
2003,Março,200303,Grécia,129,"59178,10"
2003,Março,200303,Portugal,8333,"4057474,52"
2003,Abril,200304,Espanha,3556,"1511641,32"
2003,Abril,200304,Grécia,129,"61000,59"
2003,Abril,200304,Portugal,8392,"4307878,77"
2003,Maio,200305,Espanha,3601,"1544897,29"
2003,Maio,200305,Grécia,131,"67024,59"
2003,Maio,200305,Portugal,8412,"4276548,18"
2003,Junho,200306,Espanha,3666,"1777594,26"
2003,Junho,200306,Grécia,133,"76729,96"
2003,Junho,200306,Portugal,8336,"4831398,20"
2003,Julho,200307,Espanha,3656,"1764348,62"
2003,Julho,200307,Grécia,137,"75568,03"
2003,Julho,200307,Portugal,8346,"4862752,02"
2003,Agosto,200308,Espanha,3502,"1661226,73"
2003,Agosto,200308,Grécia,136,"73538,05"
2003,Agosto,200308,Portugal,8363,"4977595,92"
2003,Setembro,200309,Espanha,3491,"1625911,83"
2003,Setembro,200309,Grécia,136,"73538,05"
2003,Setembro,200309,Portugal,8342,"4927357,53"
2003,Outubro,200310,Espanha,3505,"1653461,95"
2003,Outubro,200310,Grécia,135,"72092,25"
2003,Outubro,200310,Portugal,8371,"4859200,63"
2003,Novembro,200311,Espanha,3506,"3360239,52"
2003,Novembro,200311,Grécia,136,"148389,66"
2003,Novembro,200311,Portugal,8318,"9760382,30"
2003,Dezembro,200312,Espanha,3514,"1673640,04"
2003,Dezembro,200312,Grécia,134,"71595,36"
2003,Dezembro,200312,Portugal,8310,"4835845,24"
2004,Janeiro,200401,Espanha,3506,"1649482,00"
2004,Janeiro,200401,Grécia,134,"71595,00"
2004,Janeiro,200401,Portugal,8315,"4949172,00"
2004,Fevereiro,200402,Espanha,3519,"1683609,00"
2004,Fevereiro,200402,Grécia,137,"105795,00"
2004,Fevereiro,200402,Portugal,8351,"4890709,00"
2004,Março,200403,Espanha,3542,"1773681,00"
2004,Março,200403,Grécia,135,"71796,00"
2004,Março,200403,Portugal,8375,"5248618,00"
2004,Abril,200404,Espanha,3567,"2056632,00"
2004,Abril,200404,Grécia,135,"71796,00"
2004,Abril,200404,Portugal,8405,"5275096,00"
2004,Maio,200405,Espanha,3553,"1850170,00"
2004,Maio,200405,Grécia,135,"75466,00"
2004,Maio,200405,Portugal,8417,"5547079,00"
2004,Junho,200406,Espanha,3567,"1964215,00"
2004,Junho,200406,Grécia,135,"75466,00"
2004,Junho,200406,Portugal,8469,"5492998,00"
2004,Julho,200407,Espanha,3571,"1808648,00"
2004,Julho,200407,Grécia,135,"75465,00"
2004,Julho,200407,Portugal,8447,"5248376,00"
2004,Agosto,200408,Espanha,3534,"2239284,00"
2004,Agosto,200408,Grécia,135,"75466,00"
2004,Agosto,200408,Portugal,8520,"5617214,00"
2004,Setembro,200409,Espanha,3480,"1776731,00"
2004,Setembro,200409,Grécia,134,"74557,00"
2004,Setembro,200409,Portugal,8486,"5369044,00"
2004,Outubro,200410,Espanha,3486,"1753617,00"
2004,Outubro,200410,Grécia,137,"77420,00"
2004,Outubro,200410,Portugal,8505,"5151448,00"
2004,Novembro,200411,Espanha,3486,"3498389,00"
2004,Novembro,200411,Grécia,137,"150206,00"
2004,Novembro,200411,Portugal,8542,"10484397,00"
2004,Dezembro,200412,Espanha,3491,"1769360,00"
2004,Dezembro,200412,Grécia,135,"75027,00"
2004,Dezembro,200412,Portugal,8522,"5211434,00"
2005,Janeiro,200501,Espanha,3488,"1760427,00"
2005,Janeiro,200501,Grécia,136,"75247,00"
2005,Janeiro,200501,Portugal,8536,"5237677,00"
2005,Fevereiro,200502,Espanha,3490,"1770237,00"
2005,Fevereiro,200502,Grécia,137,"76027,00"
2005,Fevereiro,200502,Portugal,8565,"5291141,00"
2005,Março,200503,Espanha,3503,"1807202,00"
2005,Março,200503,Grécia,136,"75247,00"
2005,Março,200503,Portugal,8562,"5332728,00"
2005,Abril,200504,Espanha,3497,"1773997,00"
2005,Abril,200504,Grécia,136,"75247,00"
2005,Abril,200504,Portugal,8539,"5360844,00"
2005,Maio,200505,Espanha,3498,"2018402,00"
2005,Maio,200505,Grécia,135,"85404,00"
2005,Maio,200505,Portugal,8519,"6000615,00"
2005,Junho,200506,Espanha,3530,"2119649,00"
2005,Junho,200506,Grécia,138,"84616,00"
2005,Junho,200506,Portugal,8525,"5855193,00"
2005,Julho,200507,Espanha,3523,"2062158,00"
2005,Julho,200507,Grécia,138,"84616,00"
2005,Julho,200507,Portugal,8536,"6032809,00"
2005,Agosto,200508,Espanha,3516,"2039866,00"
2005,Agosto,200508,Grécia,138,"84616,00"
2005,Agosto,200508,Portugal,8503,"5781119,00"
2005,Setembro,200509,Espanha,3514,"1959956,00"
2005,Setembro,200509,Grécia,137,"84149,00"
2005,Setembro,200509,Portugal,8473,"5744910,00"
2005,Outubro,200510,Espanha,3522,"2003756,00"
2005,Outubro,200510,Grécia,136,"83224,00"
2005,Outubro,200510,Portugal,8497,"5984083,00"
2005,Novembro,200511,Espanha,3532,"3968086,00"
2005,Novembro,200511,Grécia,136,"165846,00"
2005,Novembro,200511,Portugal,8519,"11649437,00"
2005,Dezembro,200512,Espanha,3526,"2096640,00"
2005,Dezembro,200512,Grécia,138,"89606,00"
2005,Dezembro,200512,Portugal,8517,"5937359,00"
2006,Janeiro,200601,Chile,0,"0,00"
2006,Janeiro,200601,Espanha,3506,"2041000,00"
2006,Janeiro,200601,Grécia,137,"83398,00"
2006,Janeiro,200601,Portugal,8494,"5698631,00"
2006,Fevereiro,200602,Chile,0,"0,00"
2006,Fevereiro,200602,Espanha,3410,"1936341,00"
2006,Fevereiro,200602,Grécia,137,"83398,00"
2006,Fevereiro,200602,Portugal,9237,"5686386,00"
2006,Março,200603,Chile,0,"0,00"
2006,Março,200603,Espanha,3217,"1920466,00"
2006,Março,200603,Grécia,137,"83398,00"
2006,Março,200603,Portugal,8446,"5754689,00"
2006,Abril,200604,Chile,0,"0,00"
2006,Abril,200604,Espanha,3399,"2080979,00"
2006,Abril,200604,Grécia,139,"95935,00"
2006,Abril,200604,Portugal,8434,"6115257,00"
2006,Maio,200605,Chile,0,"0,00"
2006,Maio,200605,Espanha,3390,"2245886,00"
2006,Maio,200605,Grécia,136,"88439,00"
2006,Maio,200605,Portugal,8265,"6204231,00"
2006,Junho,200606,Chile,0,"0,00"
2006,Junho,200606,Espanha,3401,"2144148,00"
2006,Junho,200606,Grécia,135,"87798,00"
2006,Junho,200606,Portugal,8279,"6226042,00"
2006,Julho,200607,Chile,0,"0,00"
2006,Julho,200607,Espanha,3483,"2436159,00"
2006,Julho,200607,Grécia,138,"90138,00"
2006,Julho,200607,Portugal,8603,"6592893,00"
2006,Agosto,200608,Chile,0,"0,00"
2006,Agosto,200608,Espanha,3449,"3192127,00"
2006,Agosto,200608,Grécia,137,"132267,00"
2006,Agosto,200608,Portugal,8453,"9247525,00"
2006,Setembro,200609,Chile,0,"0,00"
2006,Setembro,200609,Espanha,3411,"2193095,00"
2006,Setembro,200609,Grécia,136,"88666,00"
2006,Setembro,200609,Portugal,8467,"6265232,00"
2006,Outubro,200610,Chile,0,"0,00"
2006,Outubro,200610,Espanha,3427,"2305230,00"
2006,Outubro,200610,Grécia,138,"97458,00"
2006,Outubro,200610,Portugal,8410,"6182552,00"
2006,Novembro,200611,Chile,0,"0,00"
2006,Novembro,200611,Espanha,3425,"3205000,00"
2006,Novembro,200611,Grécia,137,"133898,00"
2006,Novembro,200611,Portugal,8446,"9326865,00"
2006,Dezembro,200612,Chile,0,"0,00"
2006,Dezembro,200612,Espanha,3437,"2276927,00"
2006,Dezembro,200612,Grécia,137,"89200,00"
2006,Dezembro,200612,Portugal,8433,"6269562,00"
2007,Janeiro,200701,Chile,0,"0,00"
2007,Janeiro,200701,Espanha,3428,"2116000,00"
2007,Janeiro,200701,Grécia,138,"90990,00"
2007,Janeiro,200701,Portugal,8359,"6051000,00"
2007,Fevereiro,200702,Chile,0,"0,00"
2007,Fevereiro,200702,Espanha,3423,"2074000,00"
2007,Fevereiro,200702,Grécia,134,"86000,00"
2007,Fevereiro,200702,Portugal,8340,"6023000,00"
2007,Março,200703,Chile,0,"0,00"
2007,Março,200703,Espanha,3434,"2113000,00"
2007,Março,200703,Grécia,136,"94864,00"
2007,Março,200703,Portugal,8345,"6039000,00"
2007,Abril,200704,Chile,0,"0,00"
2007,Abril,200704,Espanha,3471,"2275000,00"
2007,Abril,200704,Grécia,135,"93000,00"
2007,Abril,200704,Portugal,8348,"6313000,00"
2007,Maio,200705,Chile,0,"0,00"
2007,Maio,200705,Espanha,3472,"2267000,00"
2007,Maio,200705,Grécia,131,"94590,00"
2007,Maio,200705,Portugal,8381,"6377000,00"
2007,Junho,200706,Chile,0,"0,00"
2007,Junho,200706,Espanha,3499,"2285000,00"
2007,Junho,200706,Grécia,140,"91258,00"
2007,Junho,200706,Portugal,8376,"6393000,00"
2007,Julho,200707,Chile,0,"0,00"
2007,Julho,200707,Espanha,3505,"2286000,00"
2007,Julho,200707,Grécia,130,"89832,00"
2007,Julho,200707,Portugal,8391,"6396000,00"
2007,Agosto,200708,Chile,0,"0,00"
2007,Agosto,200708,Espanha,3517,"3396000,00"
2007,Agosto,200708,Grécia,130,"135103,00"
2007,Agosto,200708,Portugal,8398,"9569000,00"
2007,Setembro,200709,Chile,0,"0,00"
2007,Setembro,200709,Espanha,3509,"2316000,00"
2007,Setembro,200709,Grécia,129,"89452,00"
2007,Setembro,200709,Portugal,8404,"6409000,00"
2007,Outubro,200710,Chile,0,"0,00"
2007,Outubro,200710,Espanha,3526,"2286000,00"
2007,Outubro,200710,Grécia,130,"89886,00"
2007,Outubro,200710,Portugal,8456,"6497000,00"
2007,Novembro,200711,Chile,0,"0,00"
2007,Novembro,200711,Espanha,3540,"3438000,00"
2007,Novembro,200711,Grécia,128,"132555,00"
2007,Novembro,200711,Portugal,8459,"9582000,00"
2007,Dezembro,200712,Chile,0,"0,00"
2007,Dezembro,200712,Espanha,3538,"2272000,00"
2007,Dezembro,200712,Grécia,128,"89000,00"
2007,Dezembro,200712,Portugal,8487,"6434000,00"
2008,Janeiro,200801,Chile,0,"0,00"
2008,Janeiro,200801,Espanha,3545,"2320206,00"
2008,Janeiro,200801,Grécia,128,"89080,00"
2008,Janeiro,200801,Portugal,8523,"6663917,00"
2008,Fevereiro,200802,Chile,0,"0,00"
2008,Fevereiro,200802,Espanha,3548,"2268867,00"
2008,Fevereiro,200802,Grécia,129,"89265,00"
2008,Fevereiro,200802,Portugal,8500,"6415157,00"
2008,Março,200803,Chile,0,"0,00"
2008,Março,200803,Espanha,3623,"3004879,00"
2008,Março,200803,Grécia,130,"111784,00"
2008,Março,200803,Portugal,8558,"7115768,00"
2008,Abril,200804,Chile,2,"7000,00"
2008,Abril,200804,Espanha,3662,"3081419,00"
2008,Abril,200804,Grécia,133,"98203,00"
2008,Abril,200804,Portugal,8601,"7249027,00"
2008,Maio,200805,Chile,2,"7000,00"
2008,Maio,200805,Espanha,3678,"2752617,00"
2008,Maio,200805,Grécia,131,"94000,00"
2008,Maio,200805,Portugal,8668,"7507437,00"
2008,Junho,200806,Chile,2,"16000,00"
2008,Junho,200806,Espanha,3679,"2674252,00"
2008,Junho,200806,Grécia,133,"95565,00"
2008,Junho,200806,Portugal,8684,"7307116,00"
2008,Julho,200807,Chile,2,"7000,00"
2008,Julho,200807,Espanha,3677,"2711468,00"
2008,Julho,200807,Grécia,133,"95571,00"
2008,Julho,200807,Portugal,8678,"7210942,00"
2008,Agosto,200808,Chile,2,"10000,00"
2008,Agosto,200808,Espanha,3714,"4066501,00"
2008,Agosto,200808,Grécia,132,"139731,00"
2008,Agosto,200808,Portugal,8762,"11085461,00"
2008,Setembro,200809,Chile,2,"7000,00"
2008,Setembro,200809,Espanha,3717,"2766703,00"
2008,Setembro,200809,Grécia,132,"93554,00"
2008,Setembro,200809,Portugal,8799,"7694058,00"
2008,Outubro,200810,Chile,2,"10000,00"
2008,Outubro,200810,Espanha,3737,"2971021,00"
2008,Outubro,200810,Grécia,134,"98475,00"
2008,Outubro,200810,Portugal,8840,"8068332,00"
2008,Novembro,200811,Chile,2,"16000,00"
2008,Novembro,200811,Espanha,3882,"4453306,00"
2008,Novembro,200811,Grécia,137,"194887,00"
2008,Novembro,200811,Portugal,9190,"11952066,00"
2008,Dezembro,200812,Chile,2,"8000,00"
2008,Dezembro,200812,Espanha,3774,"3054000,00"
2008,Dezembro,200812,Grécia,134,"98000,00"
2008,Dezembro,200812,Portugal,8852,"7813000,00"
2009,Janeiro,200901,Chile,18,"8000,00"
2009,Janeiro,200901,Espanha,3799,"2689000,00"
2009,Janeiro,200901,Grécia,137,"100000,00"
2009,Janeiro,200901,Portugal,8868,"7119000,00"
2009,Fevereiro,200902,Chile,18,"8000,00"
2009,Fevereiro,200902,Espanha,3834,"2989000,00"
2009,Fevereiro,200902,Grécia,134,"102000,00"
2009,Fevereiro,200902,Portugal,8740,"7585000,00"
2009,Março,200903,Chile,18,"8000,00"
2009,Março,200903,Espanha,3869,"2987000,00"
2009,Março,200903,Grécia,136,"110000,00"
2009,Março,200903,Portugal,8782,"7593000,00"
2009,Abril,200904,Chile,18,"8000,00"
2009,Abril,200904,Espanha,3898,"3008000,00"
2009,Abril,200904,Grécia,137,"109000,00"
2009,Abril,200904,Portugal,8788,"7604000,00"
2009,Maio,200905,Chile,18,"8000,00"
2009,Maio,200905,Espanha,3916,"3084000,00"
2009,Maio,200905,Grécia,136,"103000,00"
2009,Maio,200905,Portugal,8781,"7650000,00"
2009,Junho,200906,Chile,18,"8000,00"
2009,Junho,200906,Espanha,3976,"3243000,00"
2009,Junho,200906,Grécia,141,"119000,00"
2009,Junho,200906,Portugal,8834,"7790000,00"
2009,Julho,200907,Chile,19,"8000,00"
2009,Julho,200907,Espanha,4220,"3781000,00"
2009,Julho,200907,Grécia,137,"103000,00"
2009,Julho,200907,Portugal,8845,"7640000,00"
2009,Agosto,200908,Chile,19,"12000,00"
2009,Agosto,200908,Espanha,4174,"4756000,00"
2009,Agosto,200908,Grécia,142,"178000,00"
2009,Agosto,200908,Portugal,8875,"11433000,00"
2009,Setembro,200909,Chile,19,"8000,00"
2009,Setembro,200909,Espanha,4167,"3181000,00"
2009,Setembro,200909,Grécia,143,"114000,00"
2009,Setembro,200909,Portugal,8870,"7870000,00"
2009,Outubro,200910,Chile,19,"9000,00"
2009,Outubro,200910,Espanha,4179,"3158000,00"
2009,Outubro,200910,Grécia,145,"117000,00"
2009,Outubro,200910,Portugal,8859,"7930000,00"
2009,Novembro,200911,Chile,19,"12000,00"
2009,Novembro,200911,Espanha,4198,"4722000,00"
2009,Novembro,200911,Grécia,143,"160000,00"
2009,Novembro,200911,Portugal,8803,"11395000,00"
2009,Dezembro,200912,Chile,17,"8000,00"
2009,Dezembro,200912,Espanha,4193,"3115000,00"
2009,Dezembro,200912,Grécia,147,"117000,00"
2009,Dezembro,200912,Portugal,8808,"7614000,00"
2010,Janeiro,201001,Chile,18,"9000,00"
2010,Janeiro,201001,Espanha,4204,"3823000,00"
2010,Janeiro,201001,Grécia,147,"140000,00"
2010,Janeiro,201001,Portugal,8831,"9047000,00"
2010,Fevereiro,201002,Chile,18,"9000,00"
2010,Fevereiro,201002,Espanha,4204,"3472000,00"
2010,Fevereiro,201002,Grécia,151,"129000,00"
2010,Fevereiro,201002,Portugal,8847,"8192000,00"
2010,Março,201003,Chile,19,"9000,00"
2010,Março,201003,Espanha,4261,"3781000,00"
2010,Março,201003,Grécia,148,"115000,00"
2010,Março,201003,Portugal,8873,"8905000,00"
2010,Abril,201004,Chile,19,"27000,00"
2010,Abril,201004,Espanha,4265,"3556000,00"
2010,Abril,201004,Grécia,147,"115000,00"
2010,Abril,201004,Portugal,8877,"8589000,00"
2010,Maio,201005,Chile,20,"9000,00"
2010,Maio,201005,Espanha,4270,"3692000,00"
2010,Maio,201005,Grécia,152,"258000,00"
2010,Maio,201005,Portugal,8944,"8534000,00"
2010,Junho,201006,Chile,24,"15000,00"
2010,Junho,201006,Espanha,4284,"3551000,00"
2010,Junho,201006,Grécia,150,"118000,00"
2010,Junho,201006,Portugal,8959,"8458000,00"
2010,Julho,201007,Chile,25,"13000,00"
2010,Julho,201007,Espanha,4273,"3840000,00"
2010,Julho,201007,Grécia,151,"128000,00"
2010,Julho,201007,Portugal,8937,"8790000,00"
2010,Agosto,201008,Chile,27,"87000,00"
2010,Agosto,201008,Espanha,4306,"5966000,00"
2010,Agosto,201008,Grécia,151,"265000,00"
2010,Agosto,201008,Portugal,8978,"12792000,00"
2010,Setembro,201009,Chile,27,"19000,00"
2010,Setembro,201009,Espanha,4356,"4234000,00"
2010,Setembro,201009,Grécia,151,"131000,00"
2010,Setembro,201009,Portugal,9045,"8805000,00"
2010,Outubro,201010,Chile,27,"45000,00"
2010,Outubro,201010,Espanha,4385,"4470000,00"
2010,Outubro,201010,Grécia,155,"126000,00"
2010,Outubro,201010,Portugal,9037,"8837000,00"
2010,Novembro,201011,Chile,29,"47000,00"
2010,Novembro,201011,Espanha,4434,"7620000,00"
2010,Novembro,201011,Grécia,155,"209000,00"
2010,Novembro,201011,Portugal,9080,"13522000,00"
2010,Dezembro,201012,Chile,31,"29000,00"
2010,Dezembro,201012,Espanha,4361,"3849000,00"
2010,Dezembro,201012,Grécia,155,"149000,00"
2010,Dezembro,201012,Portugal,9024,"8796000,00"
2011,Janeiro,201101,Chile,5,"7000,00"
2011,Janeiro,201101,Espanha,4387,"4455000,00"
2011,Janeiro,201101,Grécia,153,"128000,00"
2011,Janeiro,201101,Portugal,9020,"9299000,00"
2011,Fevereiro,201102,Chile,6,"45000,00"
2011,Fevereiro,201102,Espanha,4371,"3860000,00"
2011,Fevereiro,201102,Grécia,154,"132000,00"
2011,Fevereiro,201102,Portugal,8994,"8919000,00"
2011,Março,201103,Chile,23,"94000,00"
2011,Março,201103,Espanha,4426,"4531000,00"
2011,Março,201103,Grécia,157,"146000,00"
2011,Março,201103,Portugal,9046,"9296000,00"
2011,Abril,201104,Chile,11,"15000,00"
2011,Abril,201104,Espanha,4426,"4125000,00"
2011,Abril,201104,Grécia,156,"137000,00"
2011,Abril,201104,Portugal,9063,"9492000,00"
2011,Maio,201105,Chile,19,"80000,00"
2011,Maio,201105,Espanha,4435,"4099000,00"
2011,Maio,201105,Grécia,151,"432000,00"
2011,Maio,201105,Portugal,9085,"9285000,00"
2011,Junho,201106,Chile,16,"26000,00"
2011,Junho,201106,Espanha,4431,"3809000,00"
2011,Junho,201106,Grécia,153,"180000,00"
2011,Junho,201106,Portugal,9123,"9289000,00"
2011,Julho,201107,Chile,9,"12000,00"
2011,Julho,201107,Espanha,4435,"3872000,00"
2011,Julho,201107,Grécia,153,"131000,00"
2011,Julho,201107,Portugal,9162,"9441000,00"
2011,Agosto,201108,Chile,7,"10000,00"
2011,Agosto,201108,Espanha,4468,"6034000,00"
2011,Agosto,201108,Grécia,154,"198000,00"
2011,Agosto,201108,Portugal,8965,"13778000,00"
2011,Setembro,201109,Chile,6,"15000,00"
2011,Setembro,201109,Espanha,4468,"4065000,00"
2011,Setembro,201109,Grécia,153,"142000,00"
2011,Setembro,201109,Portugal,8993,"9070000,00"
2011,Outubro,201110,Chile,6,"9000,00"
2011,Outubro,201110,Espanha,4479,"4234000,00"
2011,Outubro,201110,Grécia,155,"173000,00"
2011,Outubro,201110,Portugal,9020,"9288000,00"
2011,Novembro,201111,Chile,7,"11000,00"
2011,Novembro,201111,Espanha,4288,"5656000,00"
2011,Novembro,201111,Grécia,154,"215000,00"
2011,Novembro,201111,Portugal,8980,"13687000,00"
2011,Dezembro,201112,Chile,5,"9000,00"
2011,Dezembro,201112,Espanha,4302,"4177000,00"
2011,Dezembro,201112,Grécia,152,"126000,00"
2011,Dezembro,201112,Portugal,9005,"9328000,00"
2012,Janeiro,201201,Alemanha,0,"0,00"
2012,Fevereiro,201202,Alemanha,0,"0,00"
2012,Março,201203,Alemanha,0,"0,00"
2012,Abril,201204,Alemanha,0,"0,00"
2012,Maio,201205,Alemanha,0,"0,00"
2012,Junho,201206,Alemanha,0,"0,00"
2012,Julho,201207,Alemanha,0,"0,00"
2012,Agosto,201208,Alemanha,0,"0,00"
2012,Setembro,201209,Alemanha,0,"0,00"
2012,Outubro,201210,Alemanha,0,"0,00"
2012,Novembro,201211,Alemanha,0,"0,00"
2012,Dezembro,201212,Alemanha,0,"0,00"
2012,Janeiro,201201,Chile,82,"101000,00"
2012,Fevereiro,201202,Chile,87,"221000,00"
2012,Março,201203,Chile,87,"151000,00"
2012,Abril,201204,Chile,102,"280000,00"
2012,Maio,201205,Chile,102,"198000,00"
2012,Junho,201206,Chile,104,"182000,00"
2012,Julho,201207,Chile,118,"292000,00"
2012,Agosto,201208,Chile,137,"588000,00"
2012,Setembro,201209,Chile,152,"563000,00"
2012,Outubro,201210,Chile,161,"367000,00"
2012,Novembro,201211,Chile,157,"291000,00"
2012,Dezembro,201212,Chile,163,"447000,00"
2012,Janeiro,201201,Espanha,4298,"4292000,00"
2012,Fevereiro,201202,Espanha,4310,"4400000,00"
2012,Março,201203,Espanha,4309,"4252000,00"
2012,Abril,201204,Espanha,4319,"4132000,00"
2012,Maio,201205,Espanha,4330,"4301000,00"
2012,Junho,201206,Espanha,4338,"4521000,00"
2012,Julho,201207,Espanha,4357,"4621000,00"
2012,Agosto,201208,Espanha,4255,"7009000,00"
2012,Setembro,201209,Espanha,4263,"4716000,00"
2012,Outubro,201210,Espanha,4272,"4454000,00"
2012,Novembro,201211,Espanha,4301,"6307000,00"
2012,Dezembro,201212,Espanha,4451,"4936000,00"
2012,Janeiro,201201,Grécia,152,"136000,00"
2012,Fevereiro,201202,Grécia,152,"136000,00"
2012,Março,201203,Grécia,154,"137000,00"
2012,Abril,201204,Grécia,152,"136000,00"
2012,Maio,201205,Grécia,152,"142000,00"
2012,Junho,201206,Grécia,152,"145000,00"
2012,Julho,201207,Grécia,151,"135000,00"
2012,Agosto,201208,Grécia,154,"341000,00"
2012,Setembro,201209,Grécia,152,"137000,00"
2012,Outubro,201210,Grécia,149,"132000,00"
2012,Novembro,201211,Grécia,149,"195000,00"
2012,Dezembro,201212,Grécia,149,"140000,00"
2012,Janeiro,201201,Itália,0,"0,00"
2012,Fevereiro,201202,Itália,0,"0,00"
2012,Março,201203,Itália,0,"0,00"
2012,Abril,201204,Itália,0,"0,00"
2012,Maio,201205,Itália,0,"0,00"
2012,Junho,201206,Itália,0,"0,00"
2012,Julho,201207,Itália,0,"0,00"
2012,Agosto,201208,Itália,0,"0,00"
2012,Setembro,201209,Itália,0,"0,00"
2012,Outubro,201210,Itália,0,"0,00"
2012,Novembro,201211,Itália,0,"0,00"
2012,Dezembro,201212,Itália,0,"0,00"
2012,Janeiro,201201,Japão,0,"0,00"
2012,Fevereiro,201202,Japão,0,"0,00"
2012,Março,201203,Japão,0,"0,00"
2012,Abril,201204,Japão,6,"4000,00"
2012,Maio,201205,Japão,23,"37000,00"
2012,Junho,201206,Japão,9,"7000,00"
2012,Julho,201207,Japão,9,"7000,00"
2012,Agosto,201208,Japão,18,"27000,00"
2012,Setembro,201209,Japão,83,"123000,00"
2012,Outubro,201210,Japão,144,"250000,00"
2012,Novembro,201211,Japão,141,"185000,00"
2012,Dezembro,201212,Japão,195,"287000,00"
2012,Janeiro,201201,Portugal,9025,"10499000,00"
2012,Fevereiro,201202,Portugal,9079,"10131000,00"
2012,Março,201203,Portugal,9137,"10579000,00"
2012,Abril,201204,Portugal,9124,"10003000,00"
2012,Maio,201205,Portugal,9149,"10343000,00"
2012,Junho,201206,Portugal,9175,"10232000,00"
2012,Julho,201207,Portugal,9256,"11081000,00"
2012,Agosto,201208,Portugal,9190,"15498000,00"
2012,Setembro,201209,Portugal,9215,"10657000,00"
2012,Outubro,201210,Portugal,9281,"10285000,00"
2012,Novembro,201211,Portugal,9318,"15380000,00"
2012,Dezembro,201212,Portugal,9311,"10687000,00"
2013,Janeiro,201301,Alemanha,0,"0,00"
2013,Janeiro,201301,Argentina,0,"0,00"
2013,Janeiro,201301,Bélgica,0,"0,00"
2013,Janeiro,201301,Canadá,0,"0,00"
2013,Janeiro,201301,Chile,159,"348000,00"
2013,Janeiro,201301,Espanha,4204,"5610000,00"
2013,Janeiro,201301,França,0,"0,00"
2013,Janeiro,201301,Grécia,0,"0,00"
2013,Janeiro,201301,Itália,0,"0,00"
2013,Janeiro,201301,Japão,169,"301000,00"
2013,Janeiro,201301,Paraguai,0,"0,00"
2013,Janeiro,201301,Portugal,9126,"10542000,00"
2013,Janeiro,201301,Uruguai,0,"0,00"
2013,Fevereiro,201302,Alemanha,0,"0,00"
2013,Fevereiro,201302,Argentina,0,"0,00"
2013,Fevereiro,201302,Bélgica,0,"0,00"
2013,Fevereiro,201302,Canadá,0,"0,00"
2013,Fevereiro,201302,Chile,162,"248000,00"
2013,Fevereiro,201302,Espanha,4226,"4771000,00"
2013,Fevereiro,201302,França,0,"0,00"
2013,Fevereiro,201302,Grécia,0,"0,00"
2013,Fevereiro,201302,Itália,0,"0,00"
2013,Fevereiro,201302,Japão,190,"154000,00"
2013,Fevereiro,201302,Paraguai,0,"0,00"
2013,Fevereiro,201302,Portugal,9170,"10726000,00"
2013,Fevereiro,201302,Uruguai,0,"0,00"
2013,Março,201303,Alemanha,0,"0,00"
2013,Março,201303,Argentina,0,"0,00"
2013,Março,201303,Bélgica,0,"0,00"
2013,Março,201303,Canadá,0,"0,00"
2013,Março,201303,Chile,169,"249000,00"
2013,Março,201303,Espanha,4250,"4532000,00"
2013,Março,201303,França,0,"0,00"
2013,Março,201303,Grécia,441,"417000,00"
2013,Março,201303,Itália,0,"0,00"
2013,Março,201303,Japão,224,"203000,00"
2013,Março,201303,Paraguai,0,"0,00"
2013,Março,201303,Portugal,9255,"11006000,00"
2013,Março,201303,Uruguai,0,"0,00"
2013,Abril,201304,Alemanha,0,"0,00"
2013,Abril,201304,Argentina,0,"0,00"
2013,Abril,201304,Bélgica,0,"0,00"
2013,Abril,201304,Canadá,0,"0,00"
2013,Abril,201304,Chile,177,"329000,00"
2013,Abril,201304,Espanha,4289,"4830000,00"
2013,Abril,201304,França,0,"0,00"
2013,Abril,201304,Grécia,0,"0,00"
2013,Abril,201304,Itália,0,"0,00"
2013,Abril,201304,Japão,261,"267000,00"
2013,Abril,201304,Paraguai,0,"0,00"
2013,Abril,201304,Portugal,9278,"10822000,00"
2013,Abril,201304,Uruguai,0,"0,00"
2013,Maio,201305,Alemanha,1,"1000,00"
2013,Maio,201305,Argentina,0,"0,00"
2013,Maio,201305,Bélgica,0,"0,00"
2013,Maio,201305,Canadá,0,"0,00"
2013,Maio,201305,Chile,188,"266000,00"
2013,Maio,201305,Espanha,4319,"3749000,00"
2013,Maio,201305,França,0,"0,00"
2013,Maio,201305,Grécia,0,"0,00"
2013,Maio,201305,Itália,0,"0,00"
2013,Maio,201305,Japão,296,"265000,00"
2013,Maio,201305,Paraguai,0,"0,00"
2013,Maio,201305,Portugal,8743,"8342000,00"
2013,Maio,201305,Uruguai,0,"0,00"
2013,Junho,201306,Alemanha,6,"8000,00"
2013,Junho,201306,Argentina,0,"0,00"
2013,Junho,201306,Bélgica,0,"0,00"
2013,Junho,201306,Canadá,0,"0,00"
2013,Junho,201306,Chile,195,"307000,00"
2013,Junho,201306,Espanha,4340,"3519000,00"
2013,Junho,201306,França,0,"0,00"
2013,Junho,201306,Grécia,445,"441000,00"
2013,Junho,201306,Itália,0,"0,00"
2013,Junho,201306,Japão,338,"332000,00"
2013,Junho,201306,Paraguai,0,"0,00"
2013,Junho,201306,Portugal,8781,"8504000,00"
2013,Junho,201306,Uruguai,0,"0,00"
2013,Julho,201307,Alemanha,19,"22000,00"
2013,Julho,201307,Argentina,0,"0,00"
2013,Julho,201307,Bélgica,0,"0,00"
2013,Julho,201307,Canadá,0,"0,00"
2013,Julho,201307,Chile,193,"249000,00"
2013,Julho,201307,Espanha,4345,"3824000,00"
2013,Julho,201307,França,0,"0,00"
2013,Julho,201307,Grécia,0,"0,00"
2013,Julho,201307,Itália,0,"0,00"
2013,Julho,201307,Japão,382,"334000,00"
2013,Julho,201307,Paraguai,0,"0,00"
2013,Julho,201307,Portugal,8825,"9087000,00"
2013,Julho,201307,Uruguai,0,"0,00"
2013,Agosto,201308,Alemanha,32,"61000,00"
2013,Agosto,201308,Argentina,0,"0,00"
2013,Agosto,201308,Bélgica,0,"0,00"
2013,Agosto,201308,Canadá,0,"0,00"
2013,Agosto,201308,Chile,201,"633000,00"
2013,Agosto,201308,Espanha,4370,"5929000,00"
2013,Agosto,201308,França,0,"0,00"
2013,Agosto,201308,Grécia,0,"0,00"
2013,Agosto,201308,Itália,3,"6000,00"
2013,Agosto,201308,Japão,413,"606000,00"
2013,Agosto,201308,Paraguai,0,"0,00"
2013,Agosto,201308,Portugal,8849,"13853000,00"
2013,Agosto,201308,Uruguai,0,"0,00"
2013,Setembro,201309,Alemanha,59,"103000,00"
2013,Setembro,201309,Argentina,0,"0,00"
2013,Setembro,201309,Bélgica,0,"0,00"
2013,Setembro,201309,Canadá,0,"0,00"
2013,Setembro,201309,Chile,207,"304000,00"
2013,Setembro,201309,Espanha,4378,"4658000,00"
2013,Setembro,201309,França,0,"0,00"
2013,Setembro,201309,Grécia,454,"421000,00"
2013,Setembro,201309,Itália,32,"55000,00"
2013,Setembro,201309,Japão,448,"508000,00"
2013,Setembro,201309,Paraguai,0,"0,00"
2013,Setembro,201309,Portugal,8854,"8329000,00"
2013,Setembro,201309,Uruguai,0,"0,00"
2013,Outubro,201310,Alemanha,67,"63000,00"
2013,Outubro,201310,Argentina,0,"0,00"
2013,Outubro,201310,Bélgica,0,"0,00"
2013,Outubro,201310,Canadá,0,"0,00"
2013,Outubro,201310,Chile,212,"352000,00"
2013,Outubro,201310,Espanha,4274,"7847000,00"
2013,Outubro,201310,França,0,"0,00"
2013,Outubro,201310,Grécia,0,"0,00"
2013,Outubro,201310,Itália,45,"99000,00"
2013,Outubro,201310,Japão,483,"862000,00"
2013,Outubro,201310,Paraguai,0,"0,00"
2013,Outubro,201310,Portugal,8836,"8241000,00"
2013,Outubro,201310,Uruguai,0,"0,00"
2013,Novembro,201311,Alemanha,90,"158000,00"
2013,Novembro,201311,Argentina,0,"0,00"
2013,Novembro,201311,Bélgica,0,"0,00"
2013,Novembro,201311,Canadá,0,"0,00"
2013,Novembro,201311,Chile,221,"654000,00"
2013,Novembro,201311,Espanha,4160,"6236000,00"
2013,Novembro,201311,França,0,"0,00"
2013,Novembro,201311,Grécia,0,"0,00"
2013,Novembro,201311,Itália,81,"275000,00"
2013,Novembro,201311,Japão,509,"732000,00"
2013,Novembro,201311,Paraguai,0,"0,00"
2013,Novembro,201311,Portugal,8642,"11416000,00"
2013,Novembro,201311,Uruguai,0,"0,00"
2013,Dezembro,201312,Alemanha,107,"152000,00"
2013,Dezembro,201312,Argentina,0,"0,00"
2013,Dezembro,201312,Bélgica,0,"0,00"
2013,Dezembro,201312,Canadá,0,"0,00"
2013,Dezembro,201312,Chile,223,"264000,00"
2013,Dezembro,201312,Espanha,4180,"4900000,00"
2013,Dezembro,201312,França,0,"0,00"
2013,Dezembro,201312,Grécia,465,"400000,00"
2013,Dezembro,201312,Itália,113,"339000,00"
2013,Dezembro,201312,Japão,570,"1355000,00"
2013,Dezembro,201312,Paraguai,0,"0,00"
2013,Dezembro,201312,Portugal,8784,"8550000,00"
2013,Dezembro,201312,Uruguai,0,"0,00"
2014,Janeiro,201401,Alemanha,121,"129000,00"
2014,Fevereiro,201402,Alemanha,136,"126000,00"
2014,Março,201403,Alemanha,173,"202000,00"
2014,Abril,201404,Alemanha,182,"261000,00"
2014,Maio,201405,Alemanha,192,"251000,00"
2014,Junho,201406,Alemanha,178,"178000,00"
2014,Julho,201407,Alemanha,246,"452000,00"
2014,Agosto,201408,Alemanha,200,"325000,00"
2014,Setembro,201409,Alemanha,266,"515000,00"
2014,Outubro,201410,Alemanha,264,"277000,00"
2014,Novembro,201411,Alemanha,236,"308000,00"
2014,Dezembro,201412,Alemanha,278,"417000,00"
2014,Janeiro,201401,Argentina,0,"0,00"
2014,Fevereiro,201402,Argentina,0,"0,00"
2014,Março,201403,Argentina,0,"0,00"
2014,Abril,201404,Argentina,0,"0,00"
2014,Maio,201405,Argentina,0,"0,00"
2014,Junho,201406,Argentina,0,"0,00"
2014,Julho,201407,Argentina,0,"0,00"
2014,Agosto,201408,Argentina,0,"0,00"
2014,Setembro,201409,Argentina,0,"0,00"
2014,Outubro,201410,Argentina,0,"0,00"
2014,Novembro,201411,Argentina,0,"0,00"
2014,Dezembro,201412,Argentina,0,"0,00"
2014,Janeiro,201401,Bélgica,0,"0,00"
2014,Fevereiro,201402,Bélgica,0,"0,00"
2014,Março,201403,Bélgica,0,"0,00"
2014,Abril,201404,Bélgica,0,"0,00"
2014,Maio,201405,Bélgica,0,"0,00"
2014,Junho,201406,Bélgica,0,"0,00"
2014,Julho,201407,Bélgica,0,"0,00"
2014,Agosto,201408,Bélgica,0,"0,00"
2014,Setembro,201409,Bélgica,0,"0,00"
2014,Outubro,201410,Bélgica,0,"0,00"
2014,Novembro,201411,Bélgica,0,"0,00"
2014,Dezembro,201412,Bélgica,0,"0,00"
2014,Janeiro,201401,Canadá,0,"0,00"
2014,Fevereiro,201402,Canadá,0,"0,00"
2014,Março,201403,Canadá,0,"0,00"
2014,Abril,201404,Canadá,0,"0,00"
2014,Maio,201405,Canadá,0,"0,00"
2014,Junho,201406,Canadá,0,"0,00"
2014,Julho,201407,Canadá,0,"0,00"
2014,Agosto,201408,Canadá,0,"0,00"
2014,Setembro,201409,Canadá,0,"0,00"
2014,Outubro,201410,Canadá,0,"0,00"
2014,Novembro,201411,Canadá,0,"0,00"
2014,Dezembro,201412,Canadá,0,"0,00"
2014,Janeiro,201401,Chile,254,"304000,00"
2014,Fevereiro,201402,Chile,253,"659000,00"
2014,Março,201403,Chile,243,"334000,00"
2014,Abril,201404,Chile,248,"401000,00"
2014,Maio,201405,Chile,240,"295000,00"
2014,Junho,201406,Chile,250,"685000,00"
2014,Julho,201407,Chile,256,"347000,00"
2014,Agosto,201408,Chile,265,"590000,00"
2014,Setembro,201409,Chile,269,"423000,00"
2014,Outubro,201410,Chile,270,"343000,00"
2014,Novembro,201411,Chile,274,"684000,00"
2014,Dezembro,201412,Chile,271,"376000,00"
2014,Janeiro,201401,Espanha,4233,"4562000,00"
2014,Fevereiro,201402,Espanha,4279,"4831000,00"
2014,Março,201403,Espanha,4259,"4797000,00"
2014,Abril,201404,Espanha,4293,"4976000,00"
2014,Maio,201405,Espanha,4270,"4608000,00"
2014,Junho,201406,Espanha,4315,"4948000,00"
2014,Julho,201407,Espanha,4314,"5224000,00"
2014,Agosto,201408,Espanha,4236,"7179000,00"
2014,Setembro,201409,Espanha,4338,"5168000,00"
2014,Outubro,201410,Espanha,4370,"5094000,00"
2014,Novembro,201411,Espanha,4331,"6957000,00"
2014,Dezembro,201412,Espanha,4290,"4658000,00"
2014,Janeiro,201401,França,0,"0,00"
2014,Fevereiro,201402,França,0,"0,00"
2014,Março,201403,França,0,"0,00"
2014,Abril,201404,França,0,"0,00"
2014,Maio,201405,França,0,"0,00"
2014,Junho,201406,França,0,"0,00"
2014,Julho,201407,França,0,"0,00"
2014,Agosto,201408,França,0,"0,00"
2014,Setembro,201409,França,0,"0,00"
2014,Outubro,201410,França,0,"0,00"
2014,Novembro,201411,França,0,"0,00"
2014,Dezembro,201412,França,0,"0,00"
2014,Janeiro,201401,Grécia,0,"0,00"
2014,Fevereiro,201402,Grécia,0,"0,00"
2014,Março,201403,Grécia,453,"347000,00"
2014,Abril,201404,Grécia,0,"0,00"
2014,Maio,201405,Grécia,0,"0,00"
2014,Junho,201406,Grécia,462,"369000,00"
2014,Julho,201407,Grécia,0,"0,00"
2014,Agosto,201408,Grécia,0,"0,00"
2014,Setembro,201409,Grécia,366,"371000,00"
2014,Outubro,201410,Grécia,0,"0,00"
2014,Novembro,201411,Grécia,0,"0,00"
2014,Dezembro,201412,Grécia,362,"338000,00"
2014,Janeiro,201401,Itália,170,"515000,00"
2014,Fevereiro,201402,Itália,233,"415000,00"
2014,Março,201403,Itália,259,"483000,00"
2014,Abril,201404,Itália,266,"363000,00"
2014,Maio,201405,Itália,297,"361000,00"
2014,Junho,201406,Itália,307,"475000,00"
2014,Julho,201407,Itália,341,"815000,00"
2014,Agosto,201408,Itália,352,"826000,00"
2014,Setembro,201409,Itália,346,"551000,00"
2014,Outubro,201410,Itália,379,"577000,00"
2014,Novembro,201411,Itália,413,"1190000,00"
2014,Dezembro,201412,Itália,392,"499000,00"
2014,Janeiro,201401,Japão,680,"845000,00"
2014,Fevereiro,201402,Japão,728,"905000,00"
2014,Março,201403,Japão,732,"723000,00"
2014,Abril,201404,Japão,812,"911000,00"
2014,Maio,201405,Japão,875,"893000,00"
2014,Junho,201406,Japão,903,"858000,00"
2014,Julho,201407,Japão,976,"1125000,00"
2014,Agosto,201408,Japão,957,"1166000,00"
2014,Setembro,201409,Japão,1059,"1004000,00"
2014,Outubro,201410,Japão,1120,"976000,00"
2014,Novembro,201411,Japão,1058,"1265000,00"
2014,Dezembro,201412,Japão,1148,"1013000,00"
2014,Janeiro,201401,Paraguai,0,"0,00"
2014,Fevereiro,201402,Paraguai,0,"0,00"
2014,Março,201403,Paraguai,0,"0,00"
2014,Abril,201404,Paraguai,0,"0,00"
2014,Maio,201405,Paraguai,0,"0,00"
2014,Junho,201406,Paraguai,0,"0,00"
2014,Julho,201407,Paraguai,0,"0,00"
2014,Agosto,201408,Paraguai,0,"0,00"
2014,Setembro,201409,Paraguai,0,"0,00"
2014,Outubro,201410,Paraguai,0,"0,00"
2014,Novembro,201411,Paraguai,0,"0,00"
2014,Dezembro,201412,Paraguai,0,"0,00"
2014,Janeiro,201401,Portugal,8760,"8401000,00"
2014,Fevereiro,201402,Portugal,8726,"8461000,00"
2014,Março,201403,Portugal,8736,"8454000,00"
2014,Abril,201404,Portugal,8673,"8397000,00"
2014,Maio,201405,Portugal,8689,"8571000,00"
2014,Junho,201406,Portugal,8648,"8419000,00"
2014,Julho,201407,Portugal,8652,"8451000,00"
2014,Agosto,201408,Portugal,8638,"13289000,00"
2014,Setembro,201409,Portugal,8743,"8849000,00"
2014,Outubro,201410,Portugal,8724,"8456000,00"
2014,Novembro,201411,Portugal,8673,"11398000,00"
2014,Dezembro,201412,Portugal,8626,"8284000,00"
2014,Janeiro,201401,Uruguai,0,"0,00"
2014,Fevereiro,201402,Uruguai,0,"0,00"
2014,Março,201403,Uruguai,0,"0,00"
2014,Abril,201404,Uruguai,0,"0,00"
2014,Maio,201405,Uruguai,0,"0,00"
2014,Junho,201406,Uruguai,0,"0,00"
2014,Julho,201407,Uruguai,0,"0,00"
2014,Agosto,201408,Uruguai,0,"0,00"
2014,Setembro,201409,Uruguai,0,"0,00"
2014,Outubro,201410,Uruguai,0,"0,00"
2014,Novembro,201411,Uruguai,0,"0,00"
2014,Dezembro,201412,Uruguai,0,"0,00"
2015,Janeiro,201501,Alemanha,274,"446000,00"
2015,Fevereiro,201502,Alemanha,264,"309000,00"
2015,Março,201503,Alemanha,305,"469000,00"
2015,Abril,201504,Alemanha,351,"636000,00"
2015,Maio,201505,Alemanha,349,"606000,00"
2015,Junho,201506,Alemanha,359,"487000,00"
2015,Julho,201507,Alemanha,313,"431000,00"
2015,Agosto,201508,Alemanha,305,"373000,00"
2015,Setembro,201509,Alemanha,412,"684000,00"
2015,Outubro,201510,Alemanha,387,"390000,00"
2015,Novembro,201511,Alemanha,433,"744000,00"
2015,Dezembro,201512,Alemanha,424,"454000,00"
2015,Janeiro,201501,Argentina,8,"52000,00"
2015,Fevereiro,201502,Argentina,10,"16000,00"
2015,Março,201503,Argentina,7,"10000,00"
2015,Abril,201504,Argentina,12,"9000,00"
2015,Maio,201505,Argentina,15,"19000,00"
2015,Junho,201506,Argentina,10,"9000,00"
2015,Julho,201507,Argentina,14,"8000,00"
2015,Agosto,201508,Argentina,10,"7000,00"
2015,Setembro,201509,Argentina,20,"47000,00"
2015,Outubro,201510,Argentina,13,"11000,00"
2015,Novembro,201511,Argentina,29,"157000,00"
2015,Dezembro,201512,Argentina,29,"66000,00"
2015,Janeiro,201501,Bélgica,0,"0,00"
2015,Fevereiro,201502,Bélgica,0,"0,00"
2015,Março,201503,Bélgica,0,"0,00"
2015,Abril,201504,Bélgica,0,"0,00"
2015,Maio,201505,Bélgica,0,"0,00"
2015,Junho,201506,Bélgica,0,"0,00"
2015,Julho,201507,Bélgica,0,"0,00"
2015,Agosto,201508,Bélgica,0,"0,00"
2015,Setembro,201509,Bélgica,0,"0,00"
2015,Outubro,201510,Bélgica,0,"0,00"
2015,Novembro,201511,Bélgica,0,"0,00"
2015,Dezembro,201512,Bélgica,0,"0,00"
2015,Janeiro,201501,Canadá,4,"10000,00"
2015,Fevereiro,201502,Canadá,5,"13000,00"
2015,Março,201503,Canadá,5,"14000,00"
2015,Abril,201504,Canadá,5,"13000,00"
2015,Maio,201505,Canadá,12,"26000,00"
2015,Junho,201506,Canadá,7,"23000,00"
2015,Julho,201507,Canadá,7,"17000,00"
2015,Agosto,201508,Canadá,9,"17000,00"
2015,Setembro,201509,Canadá,10,"26000,00"
2015,Outubro,201510,Canadá,12,"19000,00"
2015,Novembro,201511,Canadá,9,"26000,00"
2015,Dezembro,201512,Canadá,11,"80000,00"
2015,Janeiro,201501,Chile,274,"405000,00"
2015,Fevereiro,201502,Chile,285,"405000,00"
2015,Março,201503,Chile,279,"443000,00"
2015,Abril,201504,Chile,297,"411000,00"
2015,Maio,201505,Chile,296,"430000,00"
2015,Junho,201506,Chile,302,"545000,00"
2015,Julho,201507,Chile,308,"437000,00"
2015,Agosto,201508,Chile,304,"412000,00"
2015,Setembro,201509,Chile,313,"679000,00"
2015,Outubro,201510,Chile,318,"421000,00"
2015,Novembro,201511,Chile,320,"589000,00"
2015,Dezembro,201512,Chile,324,"447000,00"
2015,Janeiro,201501,Espanha,4346,"5139000,00"
2015,Fevereiro,201502,Espanha,4310,"4970000,00"
2015,Março,201503,Espanha,4313,"5029000,00"
2015,Abril,201504,Espanha,4359,"5090000,00"
2015,Maio,201505,Espanha,4333,"5128000,00"
2015,Junho,201506,Espanha,4279,"4946000,00"
2015,Julho,201507,Espanha,4324,"5031000,00"
2015,Agosto,201508,Espanha,4284,"4986000,00"
2015,Setembro,201509,Espanha,4308,"7448000,00"
2015,Outubro,201510,Espanha,4310,"5001000,00"
2015,Novembro,201511,Espanha,4292,"7507000,00"
2015,Dezembro,201512,Espanha,4299,"5109000,00"
2015,Janeiro,201501,França,0,"0,00"
2015,Fevereiro,201502,França,0,"0,00"
2015,Março,201503,França,1,"4000,00"
2015,Abril,201504,França,1,"4000,00"
2015,Maio,201505,França,2,"0,00"
2015,Junho,201506,França,2,"7000,00"
2015,Julho,201507,França,2,"7000,00"
2015,Agosto,201508,França,3,"8000,00"
2015,Setembro,201509,França,10,"24000,00"
2015,Outubro,201510,França,6,"10000,00"
2015,Novembro,201511,França,7,"30000,00"
2015,Dezembro,201512,França,8,"14000,00"
2015,Janeiro,201501,Grécia,77,"135000,00"
2015,Fevereiro,201502,Grécia,137,"113000,00"
2015,Março,201503,Grécia,138,"120000,00"
2015,Abril,201504,Grécia,134,"110000,00"
2015,Maio,201505,Grécia,141,"115000,00"
2015,Junho,201506,Grécia,137,"112000,00"
2015,Julho,201507,Grécia,137,"115000,00"
2015,Agosto,201508,Grécia,144,"196000,00"
2015,Setembro,201509,Grécia,137,"188000,00"
2015,Outubro,201510,Grécia,136,"112000,00"
2015,Novembro,201511,Grécia,137,"152000,00"
2015,Dezembro,201512,Grécia,137,"113000,00"
2015,Janeiro,201501,Itália,397,"558000,00"
2015,Fevereiro,201502,Itália,404,"574000,00"
2015,Março,201503,Itália,454,"888000,00"
2015,Abril,201504,Itália,443,"1024000,00"
2015,Maio,201505,Itália,442,"553000,00"
2015,Junho,201506,Itália,441,"555000,00"
2015,Julho,201507,Itália,462,"956000,00"
2015,Agosto,201508,Itália,444,"510000,00"
2015,Setembro,201509,Itália,446,"819000,00"
2015,Outubro,201510,Itália,489,"866000,00"
2015,Novembro,201511,Itália,501,"1091000,00"
2015,Dezembro,201512,Itália,495,"816000,00"
2015,Janeiro,201501,Japão,1179,"1113000,00"
2015,Fevereiro,201502,Japão,1237,"1092000,00"
2015,Março,201503,Japão,1360,"1276000,00"
2015,Abril,201504,Japão,1336,"1294000,00"
2015,Maio,201505,Japão,1409,"1426000,00"
2015,Junho,201506,Japão,1410,"1307000,00"
2015,Julho,201507,Japão,1441,"1366000,00"
2015,Agosto,201508,Japão,1496,"1450000,00"
2015,Setembro,201509,Japão,1557,"2124000,00"
2015,Outubro,201510,Japão,1584,"1426000,00"
2015,Novembro,201511,Japão,1582,"2101000,00"
2015,Dezembro,201512,Japão,1619,"1507000,00"
2015,Janeiro,201501,Paraguai,4,"5000,00"
2015,Fevereiro,201502,Paraguai,3,"3000,00"
2015,Março,201503,Paraguai,6,"15000,00"
2015,Abril,201504,Paraguai,5,"4000,00"
2015,Maio,201505,Paraguai,4,"3000,00"
2015,Junho,201506,Paraguai,6,"5000,00"
2015,Julho,201507,Paraguai,0,"0,00"
2015,Agosto,201508,Paraguai,4,"2000,00"
2015,Setembro,201509,Paraguai,4,"4000,00"
2015,Outubro,201510,Paraguai,4,"3000,00"
2015,Novembro,201511,Paraguai,4,"4000,00"
2015,Dezembro,201512,Paraguai,4,"3000,00"
2015,Janeiro,201501,Portugal,8686,"8841000,00"
2015,Fevereiro,201502,Portugal,8574,"8549000,00"
2015,Março,201503,Portugal,8476,"8808000,00"
2015,Abril,201504,Portugal,8391,"8434000,00"
2015,Maio,201505,Portugal,8355,"8360000,00"
2015,Junho,201506,Portugal,8363,"8502000,00"
2015,Julho,201507,Portugal,8351,"8567000,00"
2015,Agosto,201508,Portugal,8397,"8387000,00"
2015,Setembro,201509,Portugal,8370,"13237000,00"
2015,Outubro,201510,Portugal,8321,"8239000,00"
2015,Novembro,201511,Portugal,8230,"10862000,00"
2015,Dezembro,201512,Portugal,8259,"8185000,00"
2015,Janeiro,201501,Uruguai,6,"15000,00"
2015,Fevereiro,201502,Uruguai,0,"20000,00"
2015,Março,201503,Uruguai,19,"0,00"
2015,Abril,201504,Uruguai,24,"15000,00"
2015,Maio,201505,Uruguai,15,"16000,00"
2015,Junho,201506,Uruguai,13,"9000,00"
2015,Julho,201507,Uruguai,14,"10000,00"
2015,Agosto,201508,Uruguai,14,"10000,00"
2015,Setembro,201509,Uruguai,25,"36000,00"
2015,Outubro,201510,Uruguai,25,"36000,00"
2015,Novembro,201511,Uruguai,48,"47000,00"
2015,Dezembro,201512,Uruguai,34,"78000,00"
2016,Janeiro,{ñ class},Alemanha,450,"642000,00"
2016,Fevereiro,{ñ class},Alemanha,435,"495000,00"
2016,Março,{ñ class},Alemanha,460,"591000,00"
2016,Abril,{ñ class},Alemanha,475,"558000,00"
2016,Maio,{ñ class},Alemanha,506,"610000,00"
2016,Junho,{ñ class},Alemanha,475,"601000,00"
2016,Julho,{ñ class},Alemanha,516,"625000,00"
2016,Agosto,{ñ class},Alemanha,504,"967000,00"
2016,Setembro,{ñ class},Alemanha,540,"648000,00"
2016,Outubro,{ñ class},Alemanha,552,"625000,00"
2016,Novembro,{ñ class},Alemanha,543,"834000,00"
2016,Dezembro,{ñ class},Alemanha,565,"655000,00"
2016,Janeiro,{ñ class},Argentina,29,"78000,00"
2016,Fevereiro,{ñ class},Argentina,27,"39000,00"
2016,Março,{ñ class},Argentina,30,"40000,00"
2016,Abril,{ñ class},Argentina,39,"228000,00"
2016,Maio,{ñ class},Argentina,36,"52000,00"
2016,Junho,{ñ class},Argentina,36,"50000,00"
2016,Julho,{ñ class},Argentina,39,"91000,00"
2016,Agosto,{ñ class},Argentina,38,"92000,00"
2016,Setembro,{ñ class},Argentina,48,"80000,00"
2016,Outubro,{ñ class},Argentina,64,"286000,00"
2016,Novembro,{ñ class},Argentina,50,"100000,00"
2016,Dezembro,{ñ class},Argentina,70,"198000,00"
2016,Janeiro,{ñ class},Bélgica,0,"0,00"
2016,Fevereiro,{ñ class},Bélgica,0,"0,00"
2016,Março,{ñ class},Bélgica,0,"0,00"
2016,Abril,{ñ class},Bélgica,0,"0,00"
2016,Maio,{ñ class},Bélgica,0,"0,00"
2016,Junho,{ñ class},Bélgica,0,"0,00"
2016,Julho,{ñ class},Bélgica,0,"0,00"
2016,Agosto,{ñ class},Bélgica,0,"0,00"
2016,Setembro,{ñ class},Bélgica,0,"0,00"
2016,Outubro,{ñ class},Bélgica,0,"0,00"
2016,Novembro,{ñ class},Bélgica,0,"0,00"
2016,Dezembro,{ñ class},Bélgica,0,"0,00"
2016,Janeiro,{ñ class},Canadá,14,"39000,00"
2016,Fevereiro,{ñ class},Canadá,12,"26000,00"
2016,Março,{ñ class},Canadá,13,"27000,00"
2016,Abril,{ñ class},Canadá,15,"29000,00"
2016,Maio,{ñ class},Canadá,14,"35000,00"
2016,Junho,{ñ class},Canadá,17,"36000,00"
2016,Julho,{ñ class},Canadá,18,"43000,00"
2016,Agosto,{ñ class},Canadá,17,"52000,00"
2016,Setembro,{ñ class},Canadá,21,"72000,00"
2016,Outubro,{ñ class},Canadá,22,"52000,00"
2016,Novembro,{ñ class},Canadá,19,"57000,00"
2016,Dezembro,{ñ class},Canadá,22,"52000,00"
2016,Janeiro,{ñ class},Chile,325,"554000,00"
2016,Fevereiro,{ñ class},Chile,319,"533000,00"
2016,Março,{ñ class},Chile,316,"486000,00"
2016,Abril,{ñ class},Chile,337,"568000,00"
2016,Maio,{ñ class},Chile,336,"670000,00"
2016,Junho,{ñ class},Chile,343,"537000,00"
2016,Julho,{ñ class},Chile,348,"523000,00"
2016,Agosto,{ñ class},Chile,361,"872000,00"
2016,Setembro,{ñ class},Chile,387,"704000,00"
2016,Outubro,{ñ class},Chile,367,"541000,00"
2016,Novembro,{ñ class},Chile,394,"817000,00"
2016,Dezembro,{ñ class},Chile,391,"688000,00"
2016,Janeiro,{ñ class},Espanha,4216,"5549000,00"
2016,Fevereiro,{ñ class},Espanha,4265,"5532000,00"
2016,Março,{ñ class},Espanha,4206,"5523000,00"
2016,Abril,{ñ class},Espanha,4269,"5703000,00"
2016,Maio,{ñ class},Espanha,4222,"5463000,00"
2016,Junho,{ñ class},Espanha,4253,"5647000,00"
2016,Julho,{ñ class},Espanha,4213,"5466000,00"
2016,Agosto,{ñ class},Espanha,4215,"8227000,00"
2016,Setembro,{ñ class},Espanha,4162,"5445000,00"
2016,Outubro,{ñ class},Espanha,4242,"5527000,00"
2016,Novembro,{ñ class},Espanha,4207,"8163000,00"
2016,Dezembro,{ñ class},Espanha,4240,"5624000,00"
2016,Janeiro,{ñ class},França,11,"16000,00"
2016,Fevereiro,{ñ class},França,12,"41000,00"
2016,Março,{ñ class},França,13,"36000,00"
2016,Abril,{ñ class},França,20,"36000,00"
2016,Maio,{ñ class},França,17,"33000,00"
2016,Junho,{ñ class},França,17,"33000,00"
2016,Julho,{ñ class},França,21,"66000,00"
2016,Agosto,{ñ class},França,19,"57000,00"
2016,Setembro,{ñ class},França,19,"38000,00"
2016,Outubro,{ñ class},França,21,"42000,00"
2016,Novembro,{ñ class},França,19,"58000,00"
2016,Dezembro,{ñ class},França,22,"43000,00"
2016,Janeiro,{ñ class},Grécia,135,"122000,00"
2016,Fevereiro,{ñ class},Grécia,148,"229000,00"
2016,Março,{ñ class},Grécia,140,"142000,00"
2016,Abril,{ñ class},Grécia,137,"121000,00"
2016,Maio,{ñ class},Grécia,137,"121000,00"
2016,Junho,{ñ class},Grécia,137,"122000,00"
2016,Julho,{ñ class},Grécia,143,"179000,00"
2016,Agosto,{ñ class},Grécia,139,"207000,00"
2016,Setembro,{ñ class},Grécia,139,"125000,00"
2016,Outubro,{ñ class},Grécia,140,"133000,00"
2016,Novembro,{ñ class},Grécia,142,"175000,00"
2016,Dezembro,{ñ class},Grécia,145,"209000,00"
2016,Janeiro,{ñ class},Itália,508,"937000,00"
2016,Fevereiro,{ñ class},Itália,521,"868000,00"
2016,Março,{ñ class},Itália,503,"665000,00"
2016,Abril,{ñ class},Itália,522,"851000,00"
2016,Maio,{ñ class},Itália,526,"850000,00"
2016,Junho,{ñ class},Itália,551,"937000,00"
2016,Julho,{ñ class},Itália,555,"1016000,00"
2016,Agosto,{ñ class},Itália,557,"1516000,00"
2016,Setembro,{ñ class},Itália,542,"836000,00"
2016,Outubro,{ñ class},Itália,548,"807000,00"
2016,Novembro,{ñ class},Itália,541,"1108000,00"
2016,Dezembro,{ñ class},Itália,550,"822000,00"
2016,Janeiro,{ñ class},Japão,1638,"1749000,00"
2016,Fevereiro,{ñ class},Japão,1661,"1738000,00"
2016,Março,{ñ class},Japão,1737,"1814000,00"
2016,Abril,{ñ class},Japão,1770,"2044000,00"
2016,Maio,{ñ class},Japão,1736,"1882000,00"
2016,Junho,{ñ class},Japão,1829,"2029000,00"
2016,Julho,{ñ class},Japão,1825,"1908000,00"
2016,Agosto,{ñ class},Japão,1819,"2831000,00"
2016,Setembro,{ñ class},Japão,1862,"1995000,00"
2016,Outubro,{ñ class},Japão,1881,"1981000,00"
2016,Novembro,{ñ class},Japão,1920,"3111000,00"
2016,Dezembro,{ñ class},Japão,1958,"2113000,00"
2016,Janeiro,{ñ class},Paraguai,4,"3000,00"
2016,Fevereiro,{ñ class},Paraguai,4,"3000,00"
2016,Março,{ñ class},Paraguai,9,"15000,00"
2016,Abril,{ñ class},Paraguai,5,"4000,00"
2016,Maio,{ñ class},Paraguai,5,"4000,00"
2016,Junho,{ñ class},Paraguai,5,"4000,00"
2016,Julho,{ñ class},Paraguai,5,"4000,00"
2016,Agosto,{ñ class},Paraguai,5,"7000,00"
2016,Setembro,{ñ class},Paraguai,5,"4000,00"
2016,Outubro,{ñ class},Paraguai,5,"4000,00"
2016,Novembro,{ñ class},Paraguai,5,"5000,00"
2016,Dezembro,{ñ class},Paraguai,5,"4000,00"
2016,Janeiro,{ñ class},Portugal,8233,"8952000,00"
2016,Fevereiro,{ñ class},Portugal,8250,"8862000,00"
2016,Março,{ñ class},Portugal,8285,"8954000,00"
2016,Abril,{ñ class},Portugal,8278,"9126000,00"
2016,Maio,{ñ class},Portugal,8280,"8959000,00"
2016,Junho,{ñ class},Portugal,8264,"8825000,00"
2016,Julho,{ñ class},Portugal,8280,"8910000,00"
2016,Agosto,{ñ class},Portugal,8257,"14397000,00"
2016,Setembro,{ñ class},Portugal,8248,"8634000,00"
2016,Outubro,{ñ class},Portugal,8168,"8506000,00"
2016,Novembro,{ñ class},Portugal,8192,"11447000,00"
2016,Dezembro,{ñ class},Portugal,8250,"8728000,00"
2016,Janeiro,{ñ class},Uruguai,39,"33000,00"
2016,Fevereiro,{ñ class},Uruguai,37,"32000,00"
2016,Março,{ñ class},Uruguai,41,"38000,00"
2016,Abril,{ñ class},Uruguai,41,"30000,00"
2016,Maio,{ñ class},Uruguai,40,"30000,00"
2016,Junho,{ñ class},Uruguai,47,"65000,00"
2016,Julho,{ñ class},Uruguai,50,"48000,00"
2016,Agosto,{ñ class},Uruguai,54,"77000,00"
2016,Setembro,{ñ class},Uruguai,66,"152000,00"
2016,Outubro,{ñ class},Uruguai,74,"64000,00"
2016,Novembro,{ñ class},Uruguai,73,"100000,00"
2016,Dezembro,{ñ class},Uruguai,84,"123000,00"
